Year,Value,Average Precipitation,Average Temperature
2006,105.5124079683,110.5138083333,23.924775
2007,108.1925929137,121.638725,23.8768
2008,129.5619053742,98.038325,24.0638666667
2009,162.0579040936,97.4872333333,24.7333166667
2010,165.4383697674,118.9396166667,24.2372
2011,218.91737801,110.0423833333,23.7862333333
2012,237.6230542936,117.666575,23.43125
2013,245.967167856,121.7781333333,23.4988583333
2014,257.2276101237,99.9432583333,23.6246416667
