	Year,Average Temperature
2004,23.8567083333
2005,24.0215333333
2006,23.924775
2007,23.8768
2008,24.0638666667
2009,24.7333166667
2010,24.2372
2011,23.7862333333
2012,23.43125
2013,23.4988583333
